ID,run_ID,tankId,step,milestone,outcome,message,timestamp,actor,inputSummary,outputSummary
al-01-001,run-2024-01-15-001,,INGEST,M1,ACHIEVED,"M1.achieved: data ingestion complete — 5 tanks loaded, sources: ATG=5, Fiori=5",2024-01-15T06:00:05Z,system,,
al-01-002,run-2024-01-15-001,,VCF,M2,ACHIEVED,M2.achieved: VCF correction complete — 5 tanks corrected; fallback_used=false,2024-01-15T06:02:10Z,system,,
al-01-003,run-2024-01-15-001,,VARIANCE,M3,ACHIEVED,"M3.achieved: variance classification complete — OK=4, FLAG=1, URGENT=0",2024-01-15T06:04:15Z,system,,
al-01-004,run-2024-01-15-001,,POSTING,M5,ACHIEVED,"M5.achieved: goods movements posted — 5 documents created; material_doc_ids: 4900001234,4900001235,4900001236,4900001237,4900001238",2024-01-15T06:08:22Z,system,,
al-01-005,run-2024-01-15-001,,ALERT,M6,ACHIEVED,M6.achieved: reconciliation report distributed — recipients: 2 email; Teams channel: terminal-ops,2024-01-15T06:12:34Z,system,,
al-02-001,run-2024-01-16-001,,INGEST,M1,ACHIEVED,"M1.achieved: data ingestion complete — 5 tanks loaded, sources: ATG=5, Fiori=5",2024-01-16T06:00:04Z,system,,
al-02-002,run-2024-01-16-001,,VCF,M2,ACHIEVED,M2.achieved: VCF correction complete — 5 tanks corrected; fallback_used=false,2024-01-16T06:02:08Z,system,,
al-02-003,run-2024-01-16-001,,VARIANCE,M3,ACHIEVED,"M3.achieved: variance classification complete — OK=3, FLAG=1, URGENT=1",2024-01-16T06:04:12Z,system,,
al-02-004,run-2024-01-16-001,TK-003,APPROVAL,M4,ACHIEVED,M4.achieved: URGENT variance approved for tank TK-003 — approver=carlos.supervisor,2024-01-16T06:35:00Z,carlos.supervisor,,
al-02-005,run-2024-01-16-001,,POSTING,M5,ACHIEVED,"M5.achieved: goods movements posted — 5 documents created; material_doc_ids: 4900001239,4900001240,4900001241,4900001242,4900001243",2024-01-16T06:40:11Z,system,,
al-02-006,run-2024-01-16-001,,REPORT,M6,ACHIEVED,M6.achieved: reconciliation report distributed — recipients: 2 email; Teams channel: terminal-ops,2024-01-16T06:14:11Z,system,,
al-03-001,run-2024-01-17-001,,INGEST,M1,ACHIEVED,"M1.achieved: data ingestion complete — 5 tanks loaded, sources: ATG=5, Fiori=5",2024-01-17T06:00:03Z,system,,
al-03-002,run-2024-01-17-001,,VCF,M2,ACHIEVED,"M2.achieved (fallback): VCF correction complete — 5 tanks corrected; fallback_used=true; ASTM D1250 applied to: TK-001,TK-002,TK-003,TK-004,TK-005",2024-01-17T06:02:45Z,system,,
al-03-003,run-2024-01-17-001,,VARIANCE,M3,ACHIEVED,"M3.achieved: variance classification complete — OK=4, FLAG=1, URGENT=0",2024-01-17T06:04:50Z,system,,
al-03-004,run-2024-01-17-001,,POSTING,M5,ACHIEVED,"M5.achieved: goods movements posted — 5 documents created; material_doc_ids: 4900001244,4900001245,4900001246,4900001247,4900001248",2024-01-17T06:08:55Z,system,,
al-03-005,run-2024-01-17-001,,REPORT,M6,ACHIEVED,M6.achieved: reconciliation report distributed — recipients: 2 email; Teams channel: terminal-ops,2024-01-17T06:11:58Z,system,,
